OTUs,Domain,Phylum,Class,Order,Family,Genus,Species
14,Urobilin,Urobilin,Urobilin,Urobilin,Urobilin,Urobilin,Urobilin
17,Trp-Pro,Trp-Pro,Trp-Pro,Trp-Pro,Trp-Pro,Trp-Pro,Trp-Pro
18,Traumatic Acid,Traumatic Acid,Traumatic Acid,Traumatic Acid,Traumatic Acid,Traumatic Acid,Traumatic Acid
19,trans-13-Octadecenoic acid,trans-13-Octadecenoic acid,trans-13-Octadecenoic acid,trans-13-Octadecenoic acid,trans-13-Octadecenoic acid,trans-13-Octadecenoic acid,trans-13-Octadecenoic acid
20,Teprenone,Teprenone,Teprenone,Teprenone,Teprenone,Teprenone,Teprenone
28,Sumaresinolic acid,Sumaresinolic acid,Sumaresinolic acid,Sumaresinolic acid,Sumaresinolic acid,Sumaresinolic acid,Sumaresinolic acid
29,Steviol,Steviol,Steviol,Steviol,Steviol,Steviol,Steviol
30,Stercobilin,Stercobilin,Stercobilin,Stercobilin,Stercobilin,Stercobilin,Stercobilin
31,Stercobilin,Stercobilin,Stercobilin,Stercobilin,Stercobilin,Stercobilin,Stercobilin
33,Spectral Match to Urobilin from NIST14,Spectral Match to Urobilin from NIST14,Spectral Match to Urobilin from NIST14,Spectral Match to Urobilin from NIST14,Spectral Match to Urobilin from NIST14,Urobilin (NIST14),Spectral Match to Urobilin from NIST14
34,Spectral Match to Urobilin from NIST14,Spectral Match to Urobilin from NIST14,Spectral Match to Urobilin from NIST14,Spectral Match to Urobilin from NIST14,Spectral Match to Urobilin from NIST14,Urobilin (NIST14),Spectral Match to Urobilin from NIST14
35,Spectral Match to Urobilin from NIST14,Spectral Match to Urobilin from NIST14,Spectral Match to Urobilin from NIST14,Spectral Match to Urobilin from NIST14,Spectral Match to Urobilin from NIST14,Urobilin (NIST14),Spectral Match to Urobilin from NIST14
36,Spectral Match to Urobilin from NIST14,Spectral Match to Urobilin from NIST14,Spectral Match to Urobilin from NIST14,Spectral Match to Urobilin from NIST14,Spectral Match to Urobilin from NIST14,Urobilin (NIST14),Spectral Match to Urobilin from NIST14
37,Spectral Match to Urobilin from NIST14,Spectral Match to Urobilin from NIST14,Spectral Match to Urobilin from NIST14,Spectral Match to Urobilin from NIST14,Spectral Match to Urobilin from NIST14,Urobilin (NIST14),Spectral Match to Urobilin from NIST14
38,Spectral Match to Tris(2-butoxyethyl) phosphate from NIST14,Spectral Match to Tris(2-butoxyethyl) phosphate from NIST14,Spectral Match to Tris(2-butoxyethyl) phosphate from NIST14,Spectral Match to Tris(2-butoxyethyl) phosphate from NIST14,Spectral Match to Tris(2-butoxyethyl) phosphate from NIST14,Tris(2-butoxyethyl) phosphate (NIST14),Spectral Match to Tris(2-butoxyethyl) phosphate from NIST14
46,Spectral Match to Pinolenic acid from NIST14,Spectral Match to Pinolenic acid from NIST14,Spectral Match to Pinolenic acid from NIST14,Spectral Match to Pinolenic acid from NIST14,Spectral Match to Pinolenic acid from NIST14,Pinolenic acid (NIST14),Spectral Match to Pinolenic acid from NIST14
47,Spectral Match to Phe-Pro from NIST14,Spectral Match to Phe-Pro from NIST14,Spectral Match to Phe-Pro from NIST14,Spectral Match to Phe-Pro from NIST14,Spectral Match to Phe-Pro from NIST14,Phe-Pro (NIST14),Spectral Match to Phe-Pro from NIST14
48,Spectral Match to Oleoyl L-carnitine from NIST14,Spectral Match to Oleoyl L-carnitine from NIST14,Spectral Match to Oleoyl L-carnitine from NIST14,Spectral Match to Oleoyl L-carnitine from NIST14,Spectral Match to Oleoyl L-carnitine from NIST14,Oleoyl L-carnitine (NIST14),Spectral Match to Oleoyl L-carnitine from NIST14
49,Spectral Match to Lyso-PC(16:0) from NIST14,Spectral Match to Lyso-PC(16:0) from NIST14,Spectral Match to Lyso-PC(16:0) from NIST14,Spectral Match to Lyso-PC(16:0) from NIST14,Spectral Match to Lyso-PC(16:0) from NIST14,Lyso-PC(16:0) (NIST14),Spectral Match to Lyso-PC(16:0) from NIST14
51,Spectral Match to Equol from NIST14,Spectral Match to Equol from NIST14,Spectral Match to Equol from NIST14,Spectral Match to Equol from NIST14,Spectral Match to Equol from NIST14,Equol (NIST14),Spectral Match to Equol from NIST14
65,Spectral Match to D-erythro-C18-Sphingosine from NIST14,Spectral Match to D-erythro-C18-Sphingosine from NIST14,Spectral Match to D-erythro-C18-Sphingosine from NIST14,Spectral Match to D-erythro-C18-Sphingosine from NIST14,Spectral Match to D-erythro-C18-Sphingosine from NIST14,D-erythro-C18-Sphingosine (NIST14),Spectral Match to D-erythro-C18-Sphingosine from NIST14
88,Spectral Match to Bilirubin from METLIN,Spectral Match to Bilirubin from METLIN,Spectral Match to Bilirubin from METLIN,Spectral Match to Bilirubin from METLIN,Spectral Match to Bilirubin from METLIN,Bilirubin (METLIN),Spectral Match to Bilirubin from METLIN
89,Spectral Match to 9(10)-EpOME from NIST14,Spectral Match to 9(10)-EpOME from NIST14,Spectral Match to 9(10)-EpOME from NIST14,Spectral Match to 9(10)-EpOME from NIST14,Spectral Match to 9(10)-EpOME from NIST14,9(10)-EpOME (NIST14),Spectral Match to 9(10)-EpOME from NIST14
90,"Spectral Match to 9,10-Dihydroxy-12Z-octadecenoic acid from NIST14","Spectral Match to 9,10-Dihydroxy-12Z-octadecenoic acid from NIST14","Spectral Match to 9,10-Dihydroxy-12Z-octadecenoic acid from NIST14","Spectral Match to 9,10-Dihydroxy-12Z-octadecenoic acid from NIST14","Spectral Match to 9,10-Dihydroxy-12Z-octadecenoic acid from NIST14","9,10-Dihydroxy-12Z-octadecenoic acid (NIST14)","Spectral Match to 9,10-Dihydroxy-12Z-octadecenoic acid from NIST14"
91,"Spectral Match to 9-Oxo-10E,12Z-octadecadienoic acid from NIST14","Spectral Match to 9-Oxo-10E,12Z-octadecadienoic acid from NIST14","Spectral Match to 9-Oxo-10E,12Z-octadecadienoic acid from NIST14","Spectral Match to 9-Oxo-10E,12Z-octadecadienoic acid from NIST14","Spectral Match to 9-Oxo-10E,12Z-octadecadienoic acid from NIST14","9-Oxo-10E,12Z-octadecadienoic acid (NIST14)","Spectral Match to 9-Oxo-10E,12Z-octadecadienoic acid from NIST14"
92,"Spectral Match to 9-Octadecenamide, (Z)- from NIST14","Spectral Match to 9-Octadecenamide, (Z)- from NIST14","Spectral Match to 9-Octadecenamide, (Z)- from NIST14","Spectral Match to 9-Octadecenamide, (Z)- from NIST14","Spectral Match to 9-Octadecenamide, (Z)- from NIST14","9-Octadecenamide, (Z)- (NIST14)","Spectral Match to 9-Octadecenamide, (Z)- from NIST14"
107,Spectral Match to 1-Stearoyl-2-hydroxy-sn-glycero-3-phosphoethanolamine from NIST14,Spectral Match to 1-Stearoyl-2-hydroxy-sn-glycero-3-phosphoethanolamine from NIST14,Spectral Match to 1-Stearoyl-2-hydroxy-sn-glycero-3-phosphoethanolamine from NIST14,Spectral Match to 1-Stearoyl-2-hydroxy-sn-glycero-3-phosphoethanolamine from NIST14,Spectral Match to 1-Stearoyl-2-hydroxy-sn-glycero-3-phosphoethanolamine from NIST14,phosphoethanolamine (NIST14),Spectral Match to 1-Stearoyl-2-hydroxy-sn-glycero-3-phosphoethanolamine from NIST14
108,Spectral Match to 1-Pentadecanoyl-sn-glycero-3-phosphocholine from NIST14,Spectral Match to 1-Pentadecanoyl-sn-glycero-3-phosphocholine from NIST14,Spectral Match to 1-Pentadecanoyl-sn-glycero-3-phosphocholine from NIST14,Spectral Match to 1-Pentadecanoyl-sn-glycero-3-phosphocholine from NIST14,Spectral Match to 1-Pentadecanoyl-sn-glycero-3-phosphocholine from NIST14,1-Pentadecanoyl-sn-glycero-3-phosphocholine (NIST14),Spectral Match to 1-Pentadecanoyl-sn-glycero-3-phosphocholine from NIST14
109,Spectral Match to 1-Palmitoyl-2-hydroxy-sn-glycero-3-phosphoethanolamine from NIST14,Spectral Match to 1-Palmitoyl-2-hydroxy-sn-glycero-3-phosphoethanolamine from NIST14,Spectral Match to 1-Palmitoyl-2-hydroxy-sn-glycero-3-phosphoethanolamine from NIST14,Spectral Match to 1-Palmitoyl-2-hydroxy-sn-glycero-3-phosphoethanolamine from NIST14,Spectral Match to 1-Palmitoyl-2-hydroxy-sn-glycero-3-phosphoethanolamine from NIST14,1-Palmitoyl-2-hydroxy-sn-glycero-3-phosphoethanolamine (NIST14),Spectral Match to 1-Palmitoyl-2-hydroxy-sn-glycero-3-phosphoethanolamine from NIST14
110,Spectral Match to 1-Palmitoyl-2-hydroxy-sn-glycero-3-phosphoethanolamine from NIST14,Spectral Match to 1-Palmitoyl-2-hydroxy-sn-glycero-3-phosphoethanolamine from NIST14,Spectral Match to 1-Palmitoyl-2-hydroxy-sn-glycero-3-phosphoethanolamine from NIST14,Spectral Match to 1-Palmitoyl-2-hydroxy-sn-glycero-3-phosphoethanolamine from NIST14,Spectral Match to 1-Palmitoyl-2-hydroxy-sn-glycero-3-phosphoethanolamine from NIST14,1-Palmitoyl-2-hydroxy-sn-glycero-3-phosphoethanolamine (NIST14),Spectral Match to 1-Palmitoyl-2-hydroxy-sn-glycero-3-phosphoethanolamine from NIST14
111,Spectral Match to 1-Octadecanoyl-sn-glycero-3-phosphocholine from NIST14,Spectral Match to 1-Octadecanoyl-sn-glycero-3-phosphocholine from NIST14,Spectral Match to 1-Octadecanoyl-sn-glycero-3-phosphocholine from NIST14,Spectral Match to 1-Octadecanoyl-sn-glycero-3-phosphocholine from NIST14,Spectral Match to 1-Octadecanoyl-sn-glycero-3-phosphocholine from NIST14,phosphocholine (NIST14),Spectral Match to 1-Octadecanoyl-sn-glycero-3-phosphocholine from NIST14
112,Spectral Match to 1-Octadecanoyl-sn-glycero-3-phosphocholine from NIST14,Spectral Match to 1-Octadecanoyl-sn-glycero-3-phosphocholine from NIST14,Spectral Match to 1-Octadecanoyl-sn-glycero-3-phosphocholine from NIST14,Spectral Match to 1-Octadecanoyl-sn-glycero-3-phosphocholine from NIST14,Spectral Match to 1-Octadecanoyl-sn-glycero-3-phosphocholine from NIST14,phosphocholine (NIST14),Spectral Match to 1-Octadecanoyl-sn-glycero-3-phosphocholine from NIST14
113,Spectral Match to 1-Myristoyl-sn-glycero-3-phosphocholine from NIST14,Spectral Match to 1-Myristoyl-sn-glycero-3-phosphocholine from NIST14,Spectral Match to 1-Myristoyl-sn-glycero-3-phosphocholine from NIST14,Spectral Match to 1-Myristoyl-sn-glycero-3-phosphocholine from NIST14,Spectral Match to 1-Myristoyl-sn-glycero-3-phosphocholine from NIST14,phosphocholine (NIST14),Spectral Match to 1-Myristoyl-sn-glycero-3-phosphocholine from NIST14
114,Spectral Match to 1-Myristoyl-sn-glycero-3-phosphocholine from NIST14,Spectral Match to 1-Myristoyl-sn-glycero-3-phosphocholine from NIST14,Spectral Match to 1-Myristoyl-sn-glycero-3-phosphocholine from NIST14,Spectral Match to 1-Myristoyl-sn-glycero-3-phosphocholine from NIST14,Spectral Match to 1-Myristoyl-sn-glycero-3-phosphocholine from NIST14,phosphocholine (NIST14),Spectral Match to 1-Myristoyl-sn-glycero-3-phosphocholine from NIST14
115,Spectral Match to 1-Hexadecanoyl-sn-glycero-3-phosphoethanolamine from NIST14,Spectral Match to 1-Hexadecanoyl-sn-glycero-3-phosphoethanolamine from NIST14,Spectral Match to 1-Hexadecanoyl-sn-glycero-3-phosphoethanolamine from NIST14,Spectral Match to 1-Hexadecanoyl-sn-glycero-3-phosphoethanolamine from NIST14,Spectral Match to 1-Hexadecanoyl-sn-glycero-3-phosphoethanolamine from NIST14,phosphoethanolamine (NIST14),Spectral Match to 1-Hexadecanoyl-sn-glycero-3-phosphoethanolamine from NIST14
116,Spectral Match to 1-Hexadecanoyl-sn-glycero-3-phosphocholine from NIST14,Spectral Match to 1-Hexadecanoyl-sn-glycero-3-phosphocholine from NIST14,Spectral Match to 1-Hexadecanoyl-sn-glycero-3-phosphocholine from NIST14,Spectral Match to 1-Hexadecanoyl-sn-glycero-3-phosphocholine from NIST14,Spectral Match to 1-Hexadecanoyl-sn-glycero-3-phosphocholine from NIST14,  1-Hexadecanoyl-sn-glycero-3-phosphocholine (NIST14),Spectral Match to 1-Hexadecanoyl-sn-glycero-3-phosphocholine from NIST14
117,Spectral Match to 1-Heptadecanoyl-sn-glycero-3-phosphocholine from NIST14,Spectral Match to 1-Heptadecanoyl-sn-glycero-3-phosphocholine from NIST14,Spectral Match to 1-Heptadecanoyl-sn-glycero-3-phosphocholine from NIST14,Spectral Match to 1-Heptadecanoyl-sn-glycero-3-phosphocholine from NIST14,Spectral Match to 1-Heptadecanoyl-sn-glycero-3-phosphocholine from NIST14,phosphocholine (NIST14),Spectral Match to 1-Heptadecanoyl-sn-glycero-3-phosphocholine from NIST14
118,Spectral Match to 1-(1Z-Octadecenyl)-sn-glycero-3-phosphocholine from NIST14,Spectral Match to 1-(1Z-Octadecenyl)-sn-glycero-3-phosphocholine from NIST14,Spectral Match to 1-(1Z-Octadecenyl)-sn-glycero-3-phosphocholine from NIST14,Spectral Match to 1-(1Z-Octadecenyl)-sn-glycero-3-phosphocholine from NIST14,Spectral Match to 1-(1Z-Octadecenyl)-sn-glycero-3-phosphocholine from NIST14,1-(1Z-Octadecenyl)-sn-glycero-3-phosphocholine (NIST14),Spectral Match to 1-(1Z-Octadecenyl)-sn-glycero-3-phosphocholine from NIST14
119,Spectral Match to 1-(1Z-Hexadecenyl)-sn-glycero-3-phosphocholine from NIST14,Spectral Match to 1-(1Z-Hexadecenyl)-sn-glycero-3-phosphocholine from NIST14,Spectral Match to 1-(1Z-Hexadecenyl)-sn-glycero-3-phosphocholine from NIST14,Spectral Match to 1-(1Z-Hexadecenyl)-sn-glycero-3-phosphocholine from NIST14,Spectral Match to 1-(1Z-Hexadecenyl)-sn-glycero-3-phosphocholine from NIST14,1-(1Z-Hexadecenyl)-sn-glycero-3-phosphocholine (NIST14),Spectral Match to 1-(1Z-Hexadecenyl)-sn-glycero-3-phosphocholine from NIST14
120,Spectral Match to (-)-Riboflavin from NIST14,Spectral Match to (-)-Riboflavin from NIST14,Spectral Match to (-)-Riboflavin from NIST14,Spectral Match to (-)-Riboflavin from NIST14,Spectral Match to (-)-Riboflavin from NIST14,(-)-Riboflavin (NIST14),Spectral Match to (-)-Riboflavin from NIST14
121,Soyaspongenol C,Soyaspongenol C,Soyaspongenol C,Soyaspongenol C,Soyaspongenol C,Soyaspongenol C,Soyaspongenol C
122,Soyasaponin I,Soyasaponin I,Soyasaponin I,Soyasaponin I,Soyasaponin I,Soyasaponin I,Soyasaponin I
123,Ricinoleic Acid methyl ester,Ricinoleic Acid methyl ester,Ricinoleic Acid methyl ester,Ricinoleic Acid methyl ester,Ricinoleic Acid methyl ester,Ricinoleic Acid methyl ester,Ricinoleic Acid methyl ester
125,R-Palmitoyl-(2-methyl) ethanolamide,R-Palmitoyl-(2-methyl) ethanolamide,R-Palmitoyl-(2-methyl) ethanolamide,R-Palmitoyl-(2-methyl) ethanolamide,R-Palmitoyl-(2-methyl) ethanolamide,R-Palmitoyl-(2-methyl) ethanolamide,R-Palmitoyl-(2-methyl) ethanolamide
126,Pinosylvin,Pinosylvin,Pinosylvin,Pinosylvin,Pinosylvin,Pinosylvin,Pinosylvin
127,Phytomonic acid,Phytomonic acid,Phytomonic acid,Phytomonic acid,Phytomonic acid,Phytomonic acid,Phytomonic acid
128,Phytomonic acid,Phytomonic acid,Phytomonic acid,Phytomonic acid,Phytomonic acid,Phytomonic acid,Phytomonic acid
130,"Phenol, 5-(1,1-dimethyloctyl)-2-[(1S,3S)-3-hydroxycyclohexyl]-","Phenol, 5-(1,1-dimethyloctyl)-2-[(1S,3S)-3-hydroxycyclohexyl]-","Phenol, 5-(1,1-dimethyloctyl)-2-[(1S,3S)-3-hydroxycyclohexyl]-","Phenol, 5-(1,1-dimethyloctyl)-2-[(1S,3S)-3-hydroxycyclohexyl]-","Phenol, 5-(1,1-dimethyloctyl)-2-[(1S,3S)-3-hydroxycyclohexyl]-",Phenol,"Phenol, 5-(1,1-dimethyloctyl)-2-[(1S,3S)-3-hydroxycyclohexyl]-"
131,PC(O-16:1/0:0); [M+H]+ C24H51N1O6P1,PC(O-16:1/0:0); [M+H]+ C24H51N1O6P1,PC(O-16:1/0:0); [M+H]+ C24H51N1O6P1,PC(O-16:1/0:0); [M+H]+ C24H51N1O6P1,PC(O-16:1/0:0); [M+H]+ C24H51N1O6P1,      PC(O-16:1/0:0); [M+H]+ C24H51N1O6P1,PC(O-16:1/0:0); [M+H]+ C24H51N1O6P1
132,PC(16:1/0:0); [M+H]+ C24H49N1O7P1,PC(16:1/0:0); [M+H]+ C24H49N1O7P1,PC(16:1/0:0); [M+H]+ C24H49N1O7P1,PC(16:1/0:0); [M+H]+ C24H49N1O7P1,PC(16:1/0:0); [M+H]+ C24H49N1O7P1,PC(16:1/0:0); [M+H]+ C24H49N1O7P1,PC(16:1/0:0); [M+H]+ C24H49N1O7P1
133,PC(0:0/18:0); [M+H]+ C26H55N1O7P1,PC(0:0/18:0); [M+H]+ C26H55N1O7P1,PC(0:0/18:0); [M+H]+ C26H55N1O7P1,PC(0:0/18:0); [M+H]+ C26H55N1O7P1,PC(0:0/18:0); [M+H]+ C26H55N1O7P1,PC(0:0/18:0); [M+H]+ C26H55N1O7P1,PC(0:0/18:0); [M+H]+ C26H55N1O7P1
134,Pantethine,Pantethine,Pantethine,Pantethine,Pantethine,Pantethine,Pantethine
135,Palmitoyl-L-carnitine,Palmitoyl-L-carnitine,Palmitoyl-L-carnitine,Palmitoyl-L-carnitine,Palmitoyl-L-carnitine,Palmitoyl-L-carnitine,Palmitoyl-L-carnitine
136,Oleic acid methyl ester,Oleic acid methyl ester,Oleic acid methyl ester,Oleic acid methyl ester,Oleic acid methyl ester,Oleic acid methyl ester,Oleic acid methyl ester
137,Oleanolic acid methyl ester,Oleanolic acid methyl ester,Oleanolic acid methyl ester,Oleanolic acid methyl ester,Oleanolic acid methyl ester,Oleanolic acid methyl ester,Oleanolic acid methyl ester
138,Oleanolic acid,Oleanolic acid,Oleanolic acid,Oleanolic acid,Oleanolic acid,Oleanolic acid,Oleanolic acid
139,Norbolethone,Norbolethone,Norbolethone,Norbolethone,Norbolethone,Norbolethone,Norbolethone
140,Neoabietic acid,Neoabietic acid,Neoabietic acid,Neoabietic acid,Neoabietic acid,Neoabietic acid,Neoabietic acid
141,"NCGC00385642-01!1,4-dihydroxyheptadec-16-en-2-yl acetate","NCGC00385642-01!1,4-dihydroxyheptadec-16-en-2-yl acetate","NCGC00385642-01!1,4-dihydroxyheptadec-16-en-2-yl acetate","NCGC00385642-01!1,4-dihydroxyheptadec-16-en-2-yl acetate","NCGC00385642-01!1,4-dihydroxyheptadec-16-en-2-yl acetate",   4-dihydroxyheptadec-16-en-2-yl acetate,"NCGC00385642-01!1,4-dihydroxyheptadec-16-en-2-yl acetate"
142,"NCGC00385642-01!1,4-dihydroxyheptadec-16-en-2-yl acetate","NCGC00385642-01!1,4-dihydroxyheptadec-16-en-2-yl acetate","NCGC00385642-01!1,4-dihydroxyheptadec-16-en-2-yl acetate","NCGC00385642-01!1,4-dihydroxyheptadec-16-en-2-yl acetate","NCGC00385642-01!1,4-dihydroxyheptadec-16-en-2-yl acetate",   4-dihydroxyheptadec-16-en-2-yl acetate,"NCGC00385642-01!1,4-dihydroxyheptadec-16-en-2-yl acetate"
143,"NCGC00385373-01_C20H28O3_1-Phenanthrenecarboxylic acid, 1,2,3,4,4a,9,10,10a-octahydro-9-hydroxy-1,4a-dimethyl-7-(1-methylethyl)-, (1S,9R)-","NCGC00385373-01_C20H28O3_1-Phenanthrenecarboxylic acid, 1,2,3,4,4a,9,10,10a-octahydro-9-hydroxy-1,4a-dimethyl-7-(1-methylethyl)-, (1S,9R)-","NCGC00385373-01_C20H28O3_1-Phenanthrenecarboxylic acid, 1,2,3,4,4a,9,10,10a-octahydro-9-hydroxy-1,4a-dimethyl-7-(1-methylethyl)-, (1S,9R)-","NCGC00385373-01_C20H28O3_1-Phenanthrenecarboxylic acid, 1,2,3,4,4a,9,10,10a-octahydro-9-hydroxy-1,4a-dimethyl-7-(1-methylethyl)-, (1S,9R)-","NCGC00385373-01_C20H28O3_1-Phenanthrenecarboxylic acid, 1,2,3,4,4a,9,10,10a-octahydro-9-hydroxy-1,4a-dimethyl-7-(1-methylethyl)-, (1S,9R)-",1-Phenanthrenecarboxylic acid,"NCGC00385373-01_C20H28O3_1-Phenanthrenecarboxylic acid, 1,2,3,4,4a,9,10,10a-octahydro-9-hydroxy-1,4a-dimethyl-7-(1-methylethyl)-, (1S,9R)-"
144,"NCGC00385126-01!1,2-dihydroxyheptadec-16-en-4-yl acetate","NCGC00385126-01!1,2-dihydroxyheptadec-16-en-4-yl acetate","NCGC00385126-01!1,2-dihydroxyheptadec-16-en-4-yl acetate","NCGC00385126-01!1,2-dihydroxyheptadec-16-en-4-yl acetate","NCGC00385126-01!1,2-dihydroxyheptadec-16-en-4-yl acetate",2-dihydroxyheptadec-16-en-4-yl acetate,"NCGC00385126-01!1,2-dihydroxyheptadec-16-en-4-yl acetate"
145,NCGC00381425-01!8-hydroxy-8-(3-octyloxiran-2-yl)octanoic acid,NCGC00381425-01!8-hydroxy-8-(3-octyloxiran-2-yl)octanoic acid,NCGC00381425-01!8-hydroxy-8-(3-octyloxiran-2-yl)octanoic acid,NCGC00381425-01!8-hydroxy-8-(3-octyloxiran-2-yl)octanoic acid,NCGC00381425-01!8-hydroxy-8-(3-octyloxiran-2-yl)octanoic acid,8-hydroxy-8-(3-octyloxiran-2-yl)octanoic acid,NCGC00381425-01!8-hydroxy-8-(3-octyloxiran-2-yl)octanoic acid
149,"NCGC00380833-01_C20H28O5_Gibbane-1,10-dicarboxylic acid, 2-hydroxy-1,4a-dimethyl-8-methylene-, (1alpha,2beta,4aalpha,4bbeta,10beta)-","NCGC00380833-01_C20H28O5_Gibbane-1,10-dicarboxylic acid, 2-hydroxy-1,4a-dimethyl-8-methylene-, (1alpha,2beta,4aalpha,4bbeta,10beta)-","NCGC00380833-01_C20H28O5_Gibbane-1,10-dicarboxylic acid, 2-hydroxy-1,4a-dimethyl-8-methylene-, (1alpha,2beta,4aalpha,4bbeta,10beta)-","NCGC00380833-01_C20H28O5_Gibbane-1,10-dicarboxylic acid, 2-hydroxy-1,4a-dimethyl-8-methylene-, (1alpha,2beta,4aalpha,4bbeta,10beta)-","NCGC00380833-01_C20H28O5_Gibbane-1,10-dicarboxylic acid, 2-hydroxy-1,4a-dimethyl-8-methylene-, (1alpha,2beta,4aalpha,4bbeta,10beta)-","Gibbane-1,10-dicarboxylic acid","NCGC00380833-01_C20H28O5_Gibbane-1,10-dicarboxylic acid, 2-hydroxy-1,4a-dimethyl-8-methylene-, (1alpha,2beta,4aalpha,4bbeta,10beta)-"
151,"NCGC00347651-02_C20H26O3_1-Phenanthrenecarboxylic acid, 1,2,3,4,4a,9,10,10a-octahydro-1,4a-dimethyl-7-(1-methylethyl)-9-oxo-","NCGC00347651-02_C20H26O3_1-Phenanthrenecarboxylic acid, 1,2,3,4,4a,9,10,10a-octahydro-1,4a-dimethyl-7-(1-methylethyl)-9-oxo-","NCGC00347651-02_C20H26O3_1-Phenanthrenecarboxylic acid, 1,2,3,4,4a,9,10,10a-octahydro-1,4a-dimethyl-7-(1-methylethyl)-9-oxo-","NCGC00347651-02_C20H26O3_1-Phenanthrenecarboxylic acid, 1,2,3,4,4a,9,10,10a-octahydro-1,4a-dimethyl-7-(1-methylethyl)-9-oxo-","NCGC00347651-02_C20H26O3_1-Phenanthrenecarboxylic acid, 1,2,3,4,4a,9,10,10a-octahydro-1,4a-dimethyl-7-(1-methylethyl)-9-oxo-",1-Phenanthrenecarboxylic acid,"NCGC00347651-02_C20H26O3_1-Phenanthrenecarboxylic acid, 1,2,3,4,4a,9,10,10a-octahydro-1,4a-dimethyl-7-(1-methylethyl)-9-oxo-"
152,"NCGC00179905-02!(E)-3-(4-methoxyphenyl)-1-[2,4,6-trimethoxy-3-(3-methylbut-2-enyl)phenyl]prop-2-en-1-one","NCGC00179905-02!(E)-3-(4-methoxyphenyl)-1-[2,4,6-trimethoxy-3-(3-methylbut-2-enyl)phenyl]prop-2-en-1-one","NCGC00179905-02!(E)-3-(4-methoxyphenyl)-1-[2,4,6-trimethoxy-3-(3-methylbut-2-enyl)phenyl]prop-2-en-1-one","NCGC00179905-02!(E)-3-(4-methoxyphenyl)-1-[2,4,6-trimethoxy-3-(3-methylbut-2-enyl)phenyl]prop-2-en-1-one","NCGC00179905-02!(E)-3-(4-methoxyphenyl)-1-[2,4,6-trimethoxy-3-(3-methylbut-2-enyl)phenyl]prop-2-en-1-one",(E)-3-(4-methoxyphenyl),"NCGC00179905-02!(E)-3-(4-methoxyphenyl)-1-[2,4,6-trimethoxy-3-(3-methylbut-2-enyl)phenyl]prop-2-en-1-one"
153,"NCGC00179905-02!(E)-3-(4-methoxyphenyl)-1-[2,4,6-trimethoxy-3-(3-methylbut-2-enyl)phenyl]prop-2-en-1-one","NCGC00179905-02!(E)-3-(4-methoxyphenyl)-1-[2,4,6-trimethoxy-3-(3-methylbut-2-enyl)phenyl]prop-2-en-1-one","NCGC00179905-02!(E)-3-(4-methoxyphenyl)-1-[2,4,6-trimethoxy-3-(3-methylbut-2-enyl)phenyl]prop-2-en-1-one","NCGC00179905-02!(E)-3-(4-methoxyphenyl)-1-[2,4,6-trimethoxy-3-(3-methylbut-2-enyl)phenyl]prop-2-en-1-one","NCGC00179905-02!(E)-3-(4-methoxyphenyl)-1-[2,4,6-trimethoxy-3-(3-methylbut-2-enyl)phenyl]prop-2-en-1-one",(E)-3-(4-methoxyphenyl),"NCGC00179905-02!(E)-3-(4-methoxyphenyl)-1-[2,4,6-trimethoxy-3-(3-methylbut-2-enyl)phenyl]prop-2-en-1-one"
154,"NCGC00178646-02!2,4-dihydroxyheptadecyl acetate","NCGC00178646-02!2,4-dihydroxyheptadecyl acetate","NCGC00178646-02!2,4-dihydroxyheptadecyl acetate","NCGC00178646-02!2,4-dihydroxyheptadecyl acetate","NCGC00178646-02!2,4-dihydroxyheptadecyl acetate",4-dihydroxyheptadecyl acetate,"NCGC00178646-02!2,4-dihydroxyheptadecyl acetate"
157,N-Cyclohexanecarbonylpentadecylamine,N-Cyclohexanecarbonylpentadecylamine,N-Cyclohexanecarbonylpentadecylamine,N-Cyclohexanecarbonylpentadecylamine,N-Cyclohexanecarbonylpentadecylamine,N-Cyclohexanecarbonylpentadecylamine,N-Cyclohexanecarbonylpentadecylamine
158,MLS001360619-01!,MLS001360619-01!,MLS001360619-01!,MLS001360619-01!,MLS001360619-01!,MLS001360619-01!,MLS001360619-01!
159,"MLS001140686-01!(2S)-1-[(2S)-2-[[(2S)-2-(2,4-dioxo-1H-quinazolin-3-yl)-3-phenylpropanoyl]amino]-3-methylbutanoyl]pyrrolidine-2-carboxylic acid","MLS001140686-01!(2S)-1-[(2S)-2-[[(2S)-2-(2,4-dioxo-1H-quinazolin-3-yl)-3-phenylpropanoyl]amino]-3-methylbutanoyl]pyrrolidine-2-carboxylic acid","MLS001140686-01!(2S)-1-[(2S)-2-[[(2S)-2-(2,4-dioxo-1H-quinazolin-3-yl)-3-phenylpropanoyl]amino]-3-methylbutanoyl]pyrrolidine-2-carboxylic acid","MLS001140686-01!(2S)-1-[(2S)-2-[[(2S)-2-(2,4-dioxo-1H-quinazolin-3-yl)-3-phenylpropanoyl]amino]-3-methylbutanoyl]pyrrolidine-2-carboxylic acid","MLS001140686-01!(2S)-1-[(2S)-2-[[(2S)-2-(2,4-dioxo-1H-quinazolin-3-yl)-3-phenylpropanoyl]amino]-3-methylbutanoyl]pyrrolidine-2-carboxylic acid","(2S)-1-[(2S)-2-[[(2S)-2-(2,4-dioxo-1H-quinazolin-3-yl)","MLS001140686-01!(2S)-1-[(2S)-2-[[(2S)-2-(2,4-dioxo-1H-quinazolin-3-yl)-3-phenylpropanoyl]amino]-3-methylbutanoyl]pyrrolidine-2-carboxylic acid"
160,MLS001066334-01!D-erythro-Dihydrosphingosine764-22-7,MLS001066334-01!D-erythro-Dihydrosphingosine764-22-7,MLS001066334-01!D-erythro-Dihydrosphingosine764-22-7,MLS001066334-01!D-erythro-Dihydrosphingosine764-22-7,MLS001066334-01!D-erythro-Dihydrosphingosine764-22-7,D-erythro-Dihydrosphingosine764-22-7,MLS001066334-01!D-erythro-Dihydrosphingosine764-22-7
161,Methyl deoxycholate,Methyl deoxycholate,Methyl deoxycholate,Methyl deoxycholate,Methyl deoxycholate,Methyl deoxycholate,Methyl deoxycholate
162,Methyl deoxycholate,Methyl deoxycholate,Methyl deoxycholate,Methyl deoxycholate,Methyl deoxycholate,Methyl deoxycholate,Methyl deoxycholate
163,Methyl deoxycholate,Methyl deoxycholate,Methyl deoxycholate,Methyl deoxycholate,Methyl deoxycholate,Methyl deoxycholate,Methyl deoxycholate
164,Methyl chenodeoxycholate,Methyl chenodeoxycholate,Methyl chenodeoxycholate,Methyl chenodeoxycholate,Methyl chenodeoxycholate,Methyl chenodeoxycholate,Methyl chenodeoxycholate
165,Methyl .gamma.-linolenate,Methyl .gamma.-linolenate,Methyl .gamma.-linolenate,Methyl .gamma.-linolenate,Methyl .gamma.-linolenate,Methyl γ -linolenate,Methyl .gamma.-linolenate
166,Medicagenic acid,Medicagenic acid,Medicagenic acid,Medicagenic acid,Medicagenic acid,Medicagenic acid,Medicagenic acid
167,Medicagenic acid,Medicagenic acid,Medicagenic acid,Medicagenic acid,Medicagenic acid,Medicagenic acid,Medicagenic acid
168,Linoleic acid methyl ester,Linoleic acid methyl ester,Linoleic acid methyl ester,Linoleic acid methyl ester,Linoleic acid methyl ester,Linoleic acid methyl ester,Linoleic acid methyl ester
169,Letrozole,Letrozole,Letrozole,Letrozole,Letrozole,Letrozole,Letrozole
170,L-Arachidonoylcarnitine,L-Arachidonoylcarnitine,L-Arachidonoylcarnitine,L-Arachidonoylcarnitine,L-Arachidonoylcarnitine,L-Arachidonoylcarnitine,L-Arachidonoylcarnitine
171,Hemin cation,Hemin cation,Hemin cation,Hemin cation,Hemin cation,Hemin cation,Hemin cation
172,Hederagenin,Hederagenin,Hederagenin,Hederagenin,Hederagenin,Hederagenin,Hederagenin
173,Genistein,Genistein,Genistein,Genistein,Genistein,Genistein,Genistein
174,Genipin,Genipin,Genipin,Genipin,Genipin,Genipin,Genipin
175,Enterolactone,Enterolactone,Enterolactone,Enterolactone,Enterolactone,Enterolactone,Enterolactone
176,Echinocystic acid,Echinocystic acid,Echinocystic acid,Echinocystic acid,Echinocystic acid,Echinocystic acid,Echinocystic acid
180,Daidzin,Daidzin,Daidzin,Daidzin,Daidzin,Daidzin,Daidzin
181,Coproporphyrin I,Coproporphyrin I,Coproporphyrin I,Coproporphyrin I,Coproporphyrin I,Coproporphyrin I,Coproporphyrin I
182,Coproporphyrin I,Coproporphyrin I,Coproporphyrin I,Coproporphyrin I,Coproporphyrin I,Coproporphyrin I,Coproporphyrin I
183,cis-Vaccenic acid,cis-Vaccenic acid,cis-Vaccenic acid,cis-Vaccenic acid,cis-Vaccenic acid,cis-Vaccenic acid,cis-Vaccenic acid
184,"cis-5,8,11,14-Eicosatetraenoic acid","cis-5,8,11,14-Eicosatetraenoic acid","cis-5,8,11,14-Eicosatetraenoic acid","cis-5,8,11,14-Eicosatetraenoic acid","cis-5,8,11,14-Eicosatetraenoic acid","cis-5,8,11,14-Eicosatetraenoic acid","cis-5,8,11,14-Eicosatetraenoic acid"
185,"cis-5,8,11,14-Eicosatetraenoic acid","cis-5,8,11,14-Eicosatetraenoic acid","cis-5,8,11,14-Eicosatetraenoic acid","cis-5,8,11,14-Eicosatetraenoic acid","cis-5,8,11,14-Eicosatetraenoic acid","cis-5,8,11,14-Eicosatetraenoic acid","cis-5,8,11,14-Eicosatetraenoic acid"
186,"cis-4,10,13,16-Docosatetraenoic acid","cis-4,10,13,16-Docosatetraenoic acid","cis-4,10,13,16-Docosatetraenoic acid","cis-4,10,13,16-Docosatetraenoic acid","cis-4,10,13,16-Docosatetraenoic acid","cis-4,10,13,16-Docosatetraenoic acid","cis-4,10,13,16-Docosatetraenoic acid"
187,cis-12-Octadecenoic acid methyl ester,cis-12-Octadecenoic acid methyl ester,cis-12-Octadecenoic acid methyl ester,cis-12-Octadecenoic acid methyl ester,cis-12-Octadecenoic acid methyl ester,cis-12-Octadecenoic acid methyl ester,cis-12-Octadecenoic acid methyl ester
204,Ceramide (18:1/16:0),Ceramide (18:1/16:0),Ceramide (18:1/16:0),Ceramide (18:1/16:0),Ceramide (18:1/16:0),Ceramide (18:1/16:0),Ceramide (18:1/16:0)
205,Caulophyllogenin,Caulophyllogenin,Caulophyllogenin,Caulophyllogenin,Caulophyllogenin,Caulophyllogenin,Caulophyllogenin
206,Biliverdin,Biliverdin,Biliverdin,Biliverdin,Biliverdin,Biliverdin,Biliverdin
207,beta-Sitostenone,beta-Sitostenone,beta-Sitostenone,beta-Sitostenone,beta-Sitostenone,beta-Sitostenone,beta-Sitostenone
208,Bacosine,Bacosine,Bacosine,Bacosine,Bacosine,Bacosine,Bacosine
209,Bacosine,Bacosine,Bacosine,Bacosine,Bacosine,Bacosine,Bacosine
210,Arachidonic acid methyl ester,Arachidonic acid methyl ester,Arachidonic acid methyl ester,Arachidonic acid methyl ester,Arachidonic acid methyl ester,Arachidonic acid methyl ester,Arachidonic acid methyl ester
211,"9-Oxo-10E,12Z-octadecadienoic acid","9-Oxo-10E,12Z-octadecadienoic acid","9-Oxo-10E,12Z-octadecadienoic acid","9-Oxo-10E,12Z-octadecadienoic acid","9-Oxo-10E,12Z-octadecadienoic acid","       9-Oxo-10E,12Z-octadecadienoic acid","9-Oxo-10E,12Z-octadecadienoic acid"
212,"7-Keto-3.alpha.,12-.alpha.-dihydroxycholanic acid","7-Keto-3.alpha.,12-.alpha.-dihydroxycholanic acid","7-Keto-3.alpha.,12-.alpha.-dihydroxycholanic acid","7-Keto-3.alpha.,12-.alpha.-dihydroxycholanic acid","7-Keto-3.alpha.,12-.alpha.-dihydroxycholanic acid","7-Keto-3α ,12-α -dihydroxycholanic acid","7-Keto-3.alpha.,12-.alpha.-dihydroxycholanic acid"
213,"5-Hexenoic acid, 6-[(2R,3S)-3-[[[(4-chloro-2-methylphenyl)sulfonyl]amino]methyl]bicyclo[2.2.2]oct-2-yl]-, (5Z)-","5-Hexenoic acid, 6-[(2R,3S)-3-[[[(4-chloro-2-methylphenyl)sulfonyl]amino]methyl]bicyclo[2.2.2]oct-2-yl]-, (5Z)-","5-Hexenoic acid, 6-[(2R,3S)-3-[[[(4-chloro-2-methylphenyl)sulfonyl]amino]methyl]bicyclo[2.2.2]oct-2-yl]-, (5Z)-","5-Hexenoic acid, 6-[(2R,3S)-3-[[[(4-chloro-2-methylphenyl)sulfonyl]amino]methyl]bicyclo[2.2.2]oct-2-yl]-, (5Z)-","5-Hexenoic acid, 6-[(2R,3S)-3-[[[(4-chloro-2-methylphenyl)sulfonyl]amino]methyl]bicyclo[2.2.2]oct-2-yl]-, (5Z)-",5-Hexenoic acid,"5-Hexenoic acid, 6-[(2R,3S)-3-[[[(4-chloro-2-methylphenyl)sulfonyl]amino]methyl]bicyclo[2.2.2]oct-2-yl]-, (5Z)-"
214,4.alpha./.beta.-Hydroxyprostanozol,4.alpha./.beta.-Hydroxyprostanozol,4.alpha./.beta.-Hydroxyprostanozol,4.alpha./.beta.-Hydroxyprostanozol,4.alpha./.beta.-Hydroxyprostanozol,4α /β -Hydroxyprostanozol,4.alpha./.beta.-Hydroxyprostanozol
215,4.alpha.-Hydroxystanozolol,4.alpha.-Hydroxystanozolol,4.alpha.-Hydroxystanozolol,4.alpha.-Hydroxystanozolol,4.alpha.-Hydroxystanozolol,4α -Hydroxystanozolol,4.alpha.-Hydroxystanozolol
216,4.alpha.-Hydroxystanozolol,4.alpha.-Hydroxystanozolol,4.alpha.-Hydroxystanozolol,4.alpha.-Hydroxystanozolol,4.alpha.-Hydroxystanozolol,4α -Hydroxystanozolol,4.alpha.-Hydroxystanozolol
217,4-Pregnene-20.beta.-ol-3-one,4-Pregnene-20.beta.-ol-3-one,4-Pregnene-20.beta.-ol-3-one,4-Pregnene-20.beta.-ol-3-one,4-Pregnene-20.beta.-ol-3-one,4-Pregnene-20β -ol-3-one,4-Pregnene-20.beta.-ol-3-one
218,4-Cholestenone,4-Cholestenone,4-Cholestenone,4-Cholestenone,4-Cholestenone,4-Cholestenone,4-Cholestenone
219,3.beta.-Hydroxy-5-cholestenoic acid,3.beta.-Hydroxy-5-cholestenoic acid,3.beta.-Hydroxy-5-cholestenoic acid,3.beta.-Hydroxy-5-cholestenoic acid,3.beta.-Hydroxy-5-cholestenoic acid,3β -Hydroxy-5-cholestenoic acid,3.beta.-Hydroxy-5-cholestenoic acid
224,3-Hydroxyoleylcarnitine,3-Hydroxyoleylcarnitine,3-Hydroxyoleylcarnitine,3-Hydroxyoleylcarnitine,3-Hydroxyoleylcarnitine,3-Hydroxyoleylcarnitine,3-Hydroxyoleylcarnitine
225,3-Hydroxyoleylcarnitine,3-Hydroxyoleylcarnitine,3-Hydroxyoleylcarnitine,3-Hydroxyoleylcarnitine,3-Hydroxyoleylcarnitine,3-Hydroxyoleylcarnitine,3-Hydroxyoleylcarnitine
226,3-Hydroxyoleylcarnitine,3-Hydroxyoleylcarnitine,3-Hydroxyoleylcarnitine,3-Hydroxyoleylcarnitine,3-Hydroxyoleylcarnitine,3-Hydroxyoleylcarnitine,3-Hydroxyoleylcarnitine
227,3-Hydroxykynurenine,3-Hydroxykynurenine,3-Hydroxykynurenine,3-Hydroxykynurenine,3-Hydroxykynurenine,3-Hydroxykynurenine,3-Hydroxykynurenine
228,25(S)-26-Hydroxycholesterol,25(S)-26-Hydroxycholesterol,25(S)-26-Hydroxycholesterol,25(S)-26-Hydroxycholesterol,25(S)-26-Hydroxycholesterol,25(S)-26-Hydroxycholesterol,25(S)-26-Hydroxycholesterol
229,2-Oleoyl-1-stearoyl-sn-glycero-3-phosphoserine,2-Oleoyl-1-stearoyl-sn-glycero-3-phosphoserine,2-Oleoyl-1-stearoyl-sn-glycero-3-phosphoserine,2-Oleoyl-1-stearoyl-sn-glycero-3-phosphoserine,2-Oleoyl-1-stearoyl-sn-glycero-3-phosphoserine,2-Oleoyl-1-stearoyl-sn-glycero-3-phosphoserine,2-Oleoyl-1-stearoyl-sn-glycero-3-phosphoserine
230,17-Octadecynoic acid,17-Octadecynoic acid,17-Octadecynoic acid,17-Octadecynoic acid,17-Octadecynoic acid,17-Octadecynoic acid,17-Octadecynoic acid
232,"10E,12Z-octadecadienoic acid","10E,12Z-octadecadienoic acid","10E,12Z-octadecadienoic acid","10E,12Z-octadecadienoic acid","10E,12Z-octadecadienoic acid","10E,12Z-octadecadienoic acid","10E,12Z-octadecadienoic acid"
233,1-Palmitoyl-sn-glycero-3-phosphocholine,1-Palmitoyl-sn-glycero-3-phosphocholine,1-Palmitoyl-sn-glycero-3-phosphocholine,1-Palmitoyl-sn-glycero-3-phosphocholine,1-Palmitoyl-sn-glycero-3-phosphocholine,1-Palmitoyl-sn-glycero-3-phosphocholine,1-Palmitoyl-sn-glycero-3-phosphocholine
234,1-Palmitoyl-sn-glycero-3-phosphocholine,1-Palmitoyl-sn-glycero-3-phosphocholine,1-Palmitoyl-sn-glycero-3-phosphocholine,1-Palmitoyl-sn-glycero-3-phosphocholine,1-Palmitoyl-sn-glycero-3-phosphocholine,1-Palmitoyl-sn-glycero-3-phosphocholine,1-Palmitoyl-sn-glycero-3-phosphocholine
235,1-Palmitoyl-2-hydroxy-sn-glycero-3-phospho-(1'-rac-glycerol),1-Palmitoyl-2-hydroxy-sn-glycero-3-phospho-(1'-rac-glycerol),1-Palmitoyl-2-hydroxy-sn-glycero-3-phospho-(1'-rac-glycerol),1-Palmitoyl-2-hydroxy-sn-glycero-3-phospho-(1'-rac-glycerol),1-Palmitoyl-2-hydroxy-sn-glycero-3-phospho-(1'-rac-glycerol),1-Palmitoyl-2-hydroxy-sn-glycero-3-phospho-(1'-rac-glycerol),1-Palmitoyl-2-hydroxy-sn-glycero-3-phospho-(1'-rac-glycerol)
236,1-Oleoyl-sn-glycero-3-phosphocholine,1-Oleoyl-sn-glycero-3-phosphocholine,1-Oleoyl-sn-glycero-3-phosphocholine,1-Oleoyl-sn-glycero-3-phosphocholine,1-Oleoyl-sn-glycero-3-phosphocholine,1-Oleoyl-sn-glycero-3-phosphocholine,1-Oleoyl-sn-glycero-3-phosphocholine
237,1-Oleoyl-2-hydroxy-sn-glycero-3-phospho-(1'-rac-glycerol),1-Oleoyl-2-hydroxy-sn-glycero-3-phospho-(1'-rac-glycerol),1-Oleoyl-2-hydroxy-sn-glycero-3-phospho-(1'-rac-glycerol),1-Oleoyl-2-hydroxy-sn-glycero-3-phospho-(1'-rac-glycerol),1-Oleoyl-2-hydroxy-sn-glycero-3-phospho-(1'-rac-glycerol),1-Oleoyl-2-hydroxy-sn-glycero-3-phospho-(1'-rac-glycerol),1-Oleoyl-2-hydroxy-sn-glycero-3-phospho-(1'-rac-glycerol)
238,1-Myristoyl-2-hydroxy-sn-glycero-3-phosphoethanolamine,1-Myristoyl-2-hydroxy-sn-glycero-3-phosphoethanolamine,1-Myristoyl-2-hydroxy-sn-glycero-3-phosphoethanolamine,1-Myristoyl-2-hydroxy-sn-glycero-3-phosphoethanolamine,1-Myristoyl-2-hydroxy-sn-glycero-3-phosphoethanolamine,1-Myristoyl-2-hydroxy-sn-glycero-3-phosphoethanolamine,1-Myristoyl-2-hydroxy-sn-glycero-3-phosphoethanolamine
239,1-Hexadecyl-sn-glycero-3-phosphocholine,  1-Hexadecyl-sn-glycero-3-phosphocholine,1-Hexadecyl-sn-glycero-3-phosphocholine,1-Hexadecyl-sn-glycero-3-phosphocholine,1-Hexadecyl-sn-glycero-3-phosphocholine,1-Hexadecyl-sn-glycero-3-phosphocholine,1-Hexadecyl-sn-glycero-3-phosphocholine
240,1-(1Z-Hexadecenyl)-sn-glycero-3-phosphocholine,1-(1Z-Hexadecenyl)-sn-glycero-3-phosphocholine,1-(1Z-Hexadecenyl)-sn-glycero-3-phosphocholine,1-(1Z-Hexadecenyl)-sn-glycero-3-phosphocholine,1-(1Z-Hexadecenyl)-sn-glycero-3-phosphocholine,1-(1Z-Hexadecenyl)-sn-glycero-3-phosphocholine,1-(1Z-Hexadecenyl)-sn-glycero-3-phosphocholine
241,(25S)-7-Dafachronic acid,(25S)-7-Dafachronic acid,(25S)-7-Dafachronic acid,(25S)-7-Dafachronic acid,(25S)-7-Dafachronic acid,(25S)-7-Dafachronic acid,(25S)-7-Dafachronic acid
242,(+)-Fluprostenol lactone diol,(+)-Fluprostenol lactone diol,(+)-Fluprostenol lactone diol,(+)-Fluprostenol lactone diol,(+)-Fluprostenol lactone diol,(+)-Fluprostenol lactone diol,(+)-Fluprostenol lactone diol
296,.alpha.-Tocopherol nicotinate,.alpha.-Tocopherol nicotinate,.alpha.-Tocopherol nicotinate,.alpha.-Tocopherol nicotinate,.alpha.-Tocopherol nicotinate,α-Tocopherol nicotinate,.alpha.-Tocopherol nicotinate
